run_id,timestamp_utc,pdk_variant,ngspice_version,deck,corner,temp_c,supply_V,geometry,par_effective,bias_A,vbe_V,raw_ref
20260731T145914Z,2026-07-31T14:59:14.457775+00:00,gf180mcuD,46,pnp_vbe.spice,bjt_typical,-40,3.3,pnp_10p00x10p00,x1,1e-05,0.809073,results/raw/20260731T145914Z/pnp/pnp_bjt_typical_-40.wrdata
20260731T145914Z,2026-07-31T14:59:14.457775+00:00,gf180mcuD,46,pnp_vbe.spice,bjt_typical,-40,3.3,pnp_05p00x05p00,x1,1e-05,0.834734,results/raw/20260731T145914Z/pnp/pnp_bjt_typical_-40.wrdata
20260731T145914Z,2026-07-31T14:59:14.457775+00:00,gf180mcuD,46,pnp_vbe.spice,bjt_typical,-40,3.3,pnp_10p00x00p42,x1,1e-05,0.860306,results/raw/20260731T145914Z/pnp/pnp_bjt_typical_-40.wrdata
20260731T145914Z,2026-07-31T14:59:14.457775+00:00,gf180mcuD,46,pnp_vbe.spice,bjt_typical,-40,3.3,pnp_05p00x00p42,x1,1e-05,0.874778,results/raw/20260731T145914Z/pnp/pnp_bjt_typical_-40.wrdata
20260731T145914Z,2026-07-31T14:59:14.457775+00:00,gf180mcuD,46,pnp_vbe.spice,bjt_typical,-40,3.3,pnp_10p00x10p00,x1,1e-06,0.762641,results/raw/20260731T145914Z/pnp/pnp_bjt_typical_-40.wrdata
20260731T145914Z,2026-07-31T14:59:14.457775+00:00,gf180mcuD,46,pnp_vbe.spice,bjt_typical,-40,3.3,pnp_10p00x10p00,x1,0.0001,0.856742,results/raw/20260731T145914Z/pnp/pnp_bjt_typical_-40.wrdata
20260731T145914Z,2026-07-31T14:59:14.457775+00:00,gf180mcuD,46,pnp_vbe.spice,bjt_typical,-40,3.3,pnp_10p00x10p00,ratio8_unit(x1),1e-05,0.809073,results/raw/20260731T145914Z/pnp/pnp_bjt_typical_-40.wrdata
20260731T145914Z,2026-07-31T14:59:14.457775+00:00,gf180mcuD,46,pnp_vbe.spice,bjt_typical,-40,3.3,pnp_10p00x10p00,ratio8_par(x8),1e-05,0.767131,results/raw/20260731T145914Z/pnp/pnp_bjt_typical_-40.wrdata
20260731T145914Z,2026-07-31T14:59:14.457775+00:00,gf180mcuD,46,pnp_vbe.spice,bjt_typical,-40,3.3,pnp_10p00x10p00,ratio4_unit(x1),1e-05,0.809073,results/raw/20260731T145914Z/pnp/pnp_bjt_typical_-40.wrdata
20260731T145914Z,2026-07-31T14:59:14.457775+00:00,gf180mcuD,46,pnp_vbe.spice,bjt_typical,-40,3.3,pnp_10p00x10p00,ratio4_par(x4),1e-05,0.781087,results/raw/20260731T145914Z/pnp/pnp_bjt_typical_-40.wrdata
20260731T145914Z,2026-07-31T14:59:14.457775+00:00,gf180mcuD,46,pnp_vbe.spice,bjt_typical,-15,3.3,pnp_10p00x10p00,x1,1e-05,0.764932,results/raw/20260731T145914Z/pnp/pnp_bjt_typical_-15.wrdata
20260731T145914Z,2026-07-31T14:59:14.457775+00:00,gf180mcuD,46,pnp_vbe.spice,bjt_typical,-15,3.3,pnp_05p00x05p00,x1,1e-05,0.793478,results/raw/20260731T145914Z/pnp/pnp_bjt_typical_-15.wrdata
20260731T145914Z,2026-07-31T14:59:14.457775+00:00,gf180mcuD,46,pnp_vbe.spice,bjt_typical,-15,3.3,pnp_10p00x00p42,x1,1e-05,0.822639,results/raw/20260731T145914Z/pnp/pnp_bjt_typical_-15.wrdata
20260731T145914Z,2026-07-31T14:59:14.457775+00:00,gf180mcuD,46,pnp_vbe.spice,bjt_typical,-15,3.3,pnp_05p00x00p42,x1,1e-05,0.838700,results/raw/20260731T145914Z/pnp/pnp_bjt_typical_-15.wrdata
20260731T145914Z,2026-07-31T14:59:14.457775+00:00,gf180mcuD,46,pnp_vbe.spice,bjt_typical,-15,3.3,pnp_10p00x10p00,x1,1e-06,0.713535,results/raw/20260731T145914Z/pnp/pnp_bjt_typical_-15.wrdata
20260731T145914Z,2026-07-31T14:59:14.457775+00:00,gf180mcuD,46,pnp_vbe.spice,bjt_typical,-15,3.3,pnp_10p00x10p00,x1,0.0001,0.817528,results/raw/20260731T145914Z/pnp/pnp_bjt_typical_-15.wrdata
20260731T145914Z,2026-07-31T14:59:14.457775+00:00,gf180mcuD,46,pnp_vbe.spice,bjt_typical,-15,3.3,pnp_10p00x10p00,ratio8_unit(x1),1e-05,0.764932,results/raw/20260731T145914Z/pnp/pnp_bjt_typical_-15.wrdata
20260731T145914Z,2026-07-31T14:59:14.457775+00:00,gf180mcuD,46,pnp_vbe.spice,bjt_typical,-15,3.3,pnp_10p00x10p00,ratio8_par(x8),1e-05,0.718507,results/raw/20260731T145914Z/pnp/pnp_bjt_typical_-15.wrdata
20260731T145914Z,2026-07-31T14:59:14.457775+00:00,gf180mcuD,46,pnp_vbe.spice,bjt_typical,-15,3.3,pnp_10p00x10p00,ratio4_unit(x1),1e-05,0.764932,results/raw/20260731T145914Z/pnp/pnp_bjt_typical_-15.wrdata
20260731T145914Z,2026-07-31T14:59:14.457775+00:00,gf180mcuD,46,pnp_vbe.spice,bjt_typical,-15,3.3,pnp_10p00x10p00,ratio4_par(x4),1e-05,0.733958,results/raw/20260731T145914Z/pnp/pnp_bjt_typical_-15.wrdata
20260731T145914Z,2026-07-31T14:59:14.457775+00:00,gf180mcuD,46,pnp_vbe.spice,bjt_typical,10,3.3,pnp_10p00x10p00,x1,1e-05,0.720120,results/raw/20260731T145914Z/pnp/pnp_bjt_typical_10.wrdata
20260731T145914Z,2026-07-31T14:59:14.457775+00:00,gf180mcuD,46,pnp_vbe.spice,bjt_typical,10,3.3,pnp_05p00x05p00,x1,1e-05,0.751543,results/raw/20260731T145914Z/pnp/pnp_bjt_typical_10.wrdata
20260731T145914Z,2026-07-31T14:59:14.457775+00:00,gf180mcuD,46,pnp_vbe.spice,bjt_typical,10,3.3,pnp_10p00x00p42,x1,1e-05,0.784099,results/raw/20260731T145914Z/pnp/pnp_bjt_typical_10.wrdata
20260731T145914Z,2026-07-31T14:59:14.457775+00:00,gf180mcuD,46,pnp_vbe.spice,bjt_typical,10,3.3,pnp_05p00x00p42,x1,1e-05,0.801760,results/raw/20260731T145914Z/pnp/pnp_bjt_typical_10.wrdata
20260731T145914Z,2026-07-31T14:59:14.457775+00:00,gf180mcuD,46,pnp_vbe.spice,bjt_typical,10,3.3,pnp_10p00x10p00,x1,1e-06,0.663755,results/raw/20260731T145914Z/pnp/pnp_bjt_typical_10.wrdata
20260731T145914Z,2026-07-31T14:59:14.457775+00:00,gf180mcuD,46,pnp_vbe.spice,bjt_typical,10,3.3,pnp_10p00x10p00,x1,0.0001,0.777669,results/raw/20260731T145914Z/pnp/pnp_bjt_typical_10.wrdata
20260731T145914Z,2026-07-31T14:59:14.457775+00:00,gf180mcuD,46,pnp_vbe.spice,bjt_typical,10,3.3,pnp_10p00x10p00,ratio8_unit(x1),1e-05,0.720120,results/raw/20260731T145914Z/pnp/pnp_bjt_typical_10.wrdata
20260731T145914Z,2026-07-31T14:59:14.457775+00:00,gf180mcuD,46,pnp_vbe.spice,bjt_typical,10,3.3,pnp_10p00x10p00,ratio8_par(x8),1e-05,0.669208,results/raw/20260731T145914Z/pnp/pnp_bjt_typical_10.wrdata
20260731T145914Z,2026-07-31T14:59:14.457775+00:00,gf180mcuD,46,pnp_vbe.spice,bjt_typical,10,3.3,pnp_10p00x10p00,ratio4_unit(x1),1e-05,0.720120,results/raw/20260731T145914Z/pnp/pnp_bjt_typical_10.wrdata
20260731T145914Z,2026-07-31T14:59:14.457775+00:00,gf180mcuD,46,pnp_vbe.spice,bjt_typical,10,3.3,pnp_10p00x10p00,ratio4_par(x4),1e-05,0.686155,results/raw/20260731T145914Z/pnp/pnp_bjt_typical_10.wrdata
20260731T145914Z,2026-07-31T14:59:14.457775+00:00,gf180mcuD,46,pnp_vbe.spice,bjt_typical,27,3.3,pnp_10p00x10p00,x1,1e-05,0.689299,results/raw/20260731T145914Z/pnp/pnp_bjt_typical_27.wrdata
20260731T145914Z,2026-07-31T14:59:14.457775+00:00,gf180mcuD,46,pnp_vbe.spice,bjt_typical,27,3.3,pnp_05p00x05p00,x1,1e-05,0.722676,results/raw/20260731T145914Z/pnp/pnp_bjt_typical_27.wrdata
20260731T145914Z,2026-07-31T14:59:14.457775+00:00,gf180mcuD,46,pnp_vbe.spice,bjt_typical,27,3.3,pnp_10p00x00p42,x1,1e-05,0.757473,results/raw/20260731T145914Z/pnp/pnp_bjt_typical_27.wrdata
20260731T145914Z,2026-07-31T14:59:14.457775+00:00,gf180mcuD,46,pnp_vbe.spice,bjt_typical,27,3.3,pnp_05p00x00p42,x1,1e-05,0.776226,results/raw/20260731T145914Z/pnp/pnp_bjt_typical_27.wrdata
20260731T145914Z,2026-07-31T14:59:14.457775+00:00,gf180mcuD,46,pnp_vbe.spice,bjt_typical,27,3.3,pnp_10p00x10p00,x1,1e-06,0.629554,results/raw/20260731T145914Z/pnp/pnp_bjt_typical_27.wrdata
20260731T145914Z,2026-07-31T14:59:14.457775+00:00,gf180mcuD,46,pnp_vbe.spice,bjt_typical,27,3.3,pnp_10p00x10p00,x1,0.0001,0.750230,results/raw/20260731T145914Z/pnp/pnp_bjt_typical_27.wrdata
20260731T145914Z,2026-07-31T14:59:14.457775+00:00,gf180mcuD,46,pnp_vbe.spice,bjt_typical,27,3.3,pnp_10p00x10p00,ratio8_unit(x1),1e-05,0.689299,results/raw/20260731T145914Z/pnp/pnp_bjt_typical_27.wrdata
20260731T145914Z,2026-07-31T14:59:14.457775+00:00,gf180mcuD,46,pnp_vbe.spice,bjt_typical,27,3.3,pnp_10p00x10p00,ratio8_par(x8),1e-05,0.635335,results/raw/20260731T145914Z/pnp/pnp_bjt_typical_27.wrdata
20260731T145914Z,2026-07-31T14:59:14.457775+00:00,gf180mcuD,46,pnp_vbe.spice,bjt_typical,27,3.3,pnp_10p00x10p00,ratio4_unit(x1),1e-05,0.689299,results/raw/20260731T145914Z/pnp/pnp_bjt_typical_27.wrdata
20260731T145914Z,2026-07-31T14:59:14.457775+00:00,gf180mcuD,46,pnp_vbe.spice,bjt_typical,27,3.3,pnp_10p00x10p00,ratio4_par(x4),1e-05,0.653300,results/raw/20260731T145914Z/pnp/pnp_bjt_typical_27.wrdata
20260731T145914Z,2026-07-31T14:59:14.457775+00:00,gf180mcuD,46,pnp_vbe.spice,bjt_typical,60,3.3,pnp_10p00x10p00,x1,1e-05,0.628738,results/raw/20260731T145914Z/pnp/pnp_bjt_typical_60.wrdata
20260731T145914Z,2026-07-31T14:59:14.457775+00:00,gf180mcuD,46,pnp_vbe.spice,bjt_typical,60,3.3,pnp_05p00x05p00,x1,1e-05,0.665907,results/raw/20260731T145914Z/pnp/pnp_bjt_typical_60.wrdata
20260731T145914Z,2026-07-31T14:59:14.457775+00:00,gf180mcuD,46,pnp_vbe.spice,bjt_typical,60,3.3,pnp_10p00x00p42,x1,1e-05,0.704951,results/raw/20260731T145914Z/pnp/pnp_bjt_typical_60.wrdata
20260731T145914Z,2026-07-31T14:59:14.457775+00:00,gf180mcuD,46,pnp_vbe.spice,bjt_typical,60,3.3,pnp_05p00x00p42,x1,1e-05,0.725845,results/raw/20260731T145914Z/pnp/pnp_bjt_typical_60.wrdata
20260731T145914Z,2026-07-31T14:59:14.457775+00:00,gf180mcuD,46,pnp_vbe.spice,bjt_typical,60,3.3,pnp_10p00x10p00,x1,1e-06,0.562425,results/raw/20260731T145914Z/pnp/pnp_bjt_typical_60.wrdata
20260731T145914Z,2026-07-31T14:59:14.457775+00:00,gf180mcuD,46,pnp_vbe.spice,bjt_typical,60,3.3,pnp_10p00x10p00,x1,0.0001,0.696272,results/raw/20260731T145914Z/pnp/pnp_bjt_typical_60.wrdata
20260731T145914Z,2026-07-31T14:59:14.457775+00:00,gf180mcuD,46,pnp_vbe.spice,bjt_typical,60,3.3,pnp_10p00x10p00,ratio8_unit(x1),1e-05,0.628738,results/raw/20260731T145914Z/pnp/pnp_bjt_typical_60.wrdata
20260731T145914Z,2026-07-31T14:59:14.457775+00:00,gf180mcuD,46,pnp_vbe.spice,bjt_typical,60,3.3,pnp_10p00x10p00,ratio8_par(x8),1e-05,0.568843,results/raw/20260731T145914Z/pnp/pnp_bjt_typical_60.wrdata
20260731T145914Z,2026-07-31T14:59:14.457775+00:00,gf180mcuD,46,pnp_vbe.spice,bjt_typical,60,3.3,pnp_10p00x10p00,ratio4_unit(x1),1e-05,0.628738,results/raw/20260731T145914Z/pnp/pnp_bjt_typical_60.wrdata
20260731T145914Z,2026-07-31T14:59:14.457775+00:00,gf180mcuD,46,pnp_vbe.spice,bjt_typical,60,3.3,pnp_10p00x10p00,ratio4_par(x4),1e-05,0.588784,results/raw/20260731T145914Z/pnp/pnp_bjt_typical_60.wrdata
20260731T145914Z,2026-07-31T14:59:14.457775+00:00,gf180mcuD,46,pnp_vbe.spice,bjt_typical,90,3.3,pnp_10p00x10p00,x1,1e-05,0.572915,results/raw/20260731T145914Z/pnp/pnp_bjt_typical_90.wrdata
20260731T145914Z,2026-07-31T14:59:14.457775+00:00,gf180mcuD,46,pnp_vbe.spice,bjt_typical,90,3.3,pnp_05p00x05p00,x1,1e-05,0.613537,results/raw/20260731T145914Z/pnp/pnp_bjt_typical_90.wrdata
20260731T145914Z,2026-07-31T14:59:14.457775+00:00,gf180mcuD,46,pnp_vbe.spice,bjt_typical,90,3.3,pnp_10p00x00p42,x1,1e-05,0.656367,results/raw/20260731T145914Z/pnp/pnp_bjt_typical_90.wrdata
20260731T145914Z,2026-07-31T14:59:14.457775+00:00,gf180mcuD,46,pnp_vbe.spice,bjt_typical,90,3.3,pnp_05p00x00p42,x1,1e-05,0.679237,results/raw/20260731T145914Z/pnp/pnp_bjt_typical_90.wrdata
20260731T145914Z,2026-07-31T14:59:14.457775+00:00,gf180mcuD,46,pnp_vbe.spice,bjt_typical,90,3.3,pnp_10p00x10p00,x1,1e-06,0.500626,results/raw/20260731T145914Z/pnp/pnp_bjt_typical_90.wrdata
20260731T145914Z,2026-07-31T14:59:14.457775+00:00,gf180mcuD,46,pnp_vbe.spice,bjt_typical,90,3.3,pnp_10p00x10p00,x1,0.0001,0.646504,results/raw/20260731T145914Z/pnp/pnp_bjt_typical_90.wrdata
20260731T145914Z,2026-07-31T14:59:14.457775+00:00,gf180mcuD,46,pnp_vbe.spice,bjt_typical,90,3.3,pnp_10p00x10p00,ratio8_unit(x1),1e-05,0.572915,results/raw/20260731T145914Z/pnp/pnp_bjt_typical_90.wrdata
20260731T145914Z,2026-07-31T14:59:14.457775+00:00,gf180mcuD,46,pnp_vbe.spice,bjt_typical,90,3.3,pnp_10p00x10p00,ratio8_par(x8),1e-05,0.507622,results/raw/20260731T145914Z/pnp/pnp_bjt_typical_90.wrdata
20260731T145914Z,2026-07-31T14:59:14.457775+00:00,gf180mcuD,46,pnp_vbe.spice,bjt_typical,90,3.3,pnp_10p00x10p00,ratio4_unit(x1),1e-05,0.572915,results/raw/20260731T145914Z/pnp/pnp_bjt_typical_90.wrdata
20260731T145914Z,2026-07-31T14:59:14.457775+00:00,gf180mcuD,46,pnp_vbe.spice,bjt_typical,90,3.3,pnp_10p00x10p00,ratio4_par(x4),1e-05,0.529360,results/raw/20260731T145914Z/pnp/pnp_bjt_typical_90.wrdata
20260731T145914Z,2026-07-31T14:59:14.457775+00:00,gf180mcuD,46,pnp_vbe.spice,bjt_typical,125,3.3,pnp_10p00x10p00,x1,1e-05,0.506955,results/raw/20260731T145914Z/pnp/pnp_bjt_typical_125.wrdata
20260731T145914Z,2026-07-31T14:59:14.457775+00:00,gf180mcuD,46,pnp_vbe.spice,bjt_typical,125,3.3,pnp_05p00x05p00,x1,1e-05,0.551619,results/raw/20260731T145914Z/pnp/pnp_bjt_typical_125.wrdata
20260731T145914Z,2026-07-31T14:59:14.457775+00:00,gf180mcuD,46,pnp_vbe.spice,bjt_typical,125,3.3,pnp_10p00x00p42,x1,1e-05,0.598819,results/raw/20260731T145914Z/pnp/pnp_bjt_typical_125.wrdata
20260731T145914Z,2026-07-31T14:59:14.457775+00:00,gf180mcuD,46,pnp_vbe.spice,bjt_typical,125,3.3,pnp_05p00x00p42,x1,1e-05,0.624055,results/raw/20260731T145914Z/pnp/pnp_bjt_typical_125.wrdata
20260731T145914Z,2026-07-31T14:59:14.457775+00:00,gf180mcuD,46,pnp_vbe.spice,bjt_typical,125,3.3,pnp_10p00x10p00,x1,1e-06,0.427682,results/raw/20260731T145914Z/pnp/pnp_bjt_typical_125.wrdata
20260731T145914Z,2026-07-31T14:59:14.457775+00:00,gf180mcuD,46,pnp_vbe.spice,bjt_typical,125,3.3,pnp_10p00x10p00,x1,0.0001,0.587701,results/raw/20260731T145914Z/pnp/pnp_bjt_typical_125.wrdata
20260731T145914Z,2026-07-31T14:59:14.457775+00:00,gf180mcuD,46,pnp_vbe.spice,bjt_typical,125,3.3,pnp_10p00x10p00,ratio8_unit(x1),1e-05,0.506955,results/raw/20260731T145914Z/pnp/pnp_bjt_typical_125.wrdata
20260731T145914Z,2026-07-31T14:59:14.457775+00:00,gf180mcuD,46,pnp_vbe.spice,bjt_typical,125,3.3,pnp_10p00x10p00,ratio8_par(x8),1e-05,0.435354,results/raw/20260731T145914Z/pnp/pnp_bjt_typical_125.wrdata
20260731T145914Z,2026-07-31T14:59:14.457775+00:00,gf180mcuD,46,pnp_vbe.spice,bjt_typical,125,3.3,pnp_10p00x10p00,ratio4_unit(x1),1e-05,0.506955,results/raw/20260731T145914Z/pnp/pnp_bjt_typical_125.wrdata
20260731T145914Z,2026-07-31T14:59:14.457775+00:00,gf180mcuD,46,pnp_vbe.spice,bjt_typical,125,3.3,pnp_10p00x10p00,ratio4_par(x4),1e-05,0.459191,results/raw/20260731T145914Z/pnp/pnp_bjt_typical_125.wrdata
20260731T145914Z,2026-07-31T14:59:14.457775+00:00,gf180mcuD,46,pnp_vbe.spice,bjt_ss,-40,3.3,pnp_10p00x10p00,x1,1e-05,0.815588,results/raw/20260731T145914Z/pnp/pnp_bjt_ss_-40.wrdata
20260731T145914Z,2026-07-31T14:59:14.457775+00:00,gf180mcuD,46,pnp_vbe.spice,bjt_ss,-40,3.3,pnp_05p00x05p00,x1,1e-05,0.841211,results/raw/20260731T145914Z/pnp/pnp_bjt_ss_-40.wrdata
20260731T145914Z,2026-07-31T14:59:14.457775+00:00,gf180mcuD,46,pnp_vbe.spice,bjt_ss,-40,3.3,pnp_10p00x00p42,x1,1e-05,0.866630,results/raw/20260731T145914Z/pnp/pnp_bjt_ss_-40.wrdata
20260731T145914Z,2026-07-31T14:59:14.457775+00:00,gf180mcuD,46,pnp_vbe.spice,bjt_ss,-40,3.3,pnp_05p00x00p42,x1,1e-05,0.881081,results/raw/20260731T145914Z/pnp/pnp_bjt_ss_-40.wrdata
20260731T145914Z,2026-07-31T14:59:14.457775+00:00,gf180mcuD,46,pnp_vbe.spice,bjt_ss,-40,3.3,pnp_10p00x10p00,x1,1e-06,0.769117,results/raw/20260731T145914Z/pnp/pnp_bjt_ss_-40.wrdata
20260731T145914Z,2026-07-31T14:59:14.457775+00:00,gf180mcuD,46,pnp_vbe.spice,bjt_ss,-40,3.3,pnp_10p00x10p00,x1,0.0001,0.863648,results/raw/20260731T145914Z/pnp/pnp_bjt_ss_-40.wrdata
20260731T145914Z,2026-07-31T14:59:14.457775+00:00,gf180mcuD,46,pnp_vbe.spice,bjt_ss,-40,3.3,pnp_10p00x10p00,ratio8_unit(x1),1e-05,0.815588,results/raw/20260731T145914Z/pnp/pnp_bjt_ss_-40.wrdata
20260731T145914Z,2026-07-31T14:59:14.457775+00:00,gf180mcuD,46,pnp_vbe.spice,bjt_ss,-40,3.3,pnp_10p00x10p00,ratio8_par(x8),1e-05,0.773609,results/raw/20260731T145914Z/pnp/pnp_bjt_ss_-40.wrdata
20260731T145914Z,2026-07-31T14:59:14.457775+00:00,gf180mcuD,46,pnp_vbe.spice,bjt_ss,-40,3.3,pnp_10p00x10p00,ratio4_unit(x1),1e-05,0.815588,results/raw/20260731T145914Z/pnp/pnp_bjt_ss_-40.wrdata
20260731T145914Z,2026-07-31T14:59:14.457775+00:00,gf180mcuD,46,pnp_vbe.spice,bjt_ss,-40,3.3,pnp_10p00x10p00,ratio4_par(x4),1e-05,0.787570,results/raw/20260731T145914Z/pnp/pnp_bjt_ss_-40.wrdata
20260731T145914Z,2026-07-31T14:59:14.457775+00:00,gf180mcuD,46,pnp_vbe.spice,bjt_ss,-15,3.3,pnp_10p00x10p00,x1,1e-05,0.772317,results/raw/20260731T145914Z/pnp/pnp_bjt_ss_-15.wrdata
20260731T145914Z,2026-07-31T14:59:14.457775+00:00,gf180mcuD,46,pnp_vbe.spice,bjt_ss,-15,3.3,pnp_05p00x05p00,x1,1e-05,0.800829,results/raw/20260731T145914Z/pnp/pnp_bjt_ss_-15.wrdata
20260731T145914Z,2026-07-31T14:59:14.457775+00:00,gf180mcuD,46,pnp_vbe.spice,bjt_ss,-15,3.3,pnp_10p00x00p42,x1,1e-05,0.829907,results/raw/20260731T145914Z/pnp/pnp_bjt_ss_-15.wrdata
20260731T145914Z,2026-07-31T14:59:14.457775+00:00,gf180mcuD,46,pnp_vbe.spice,bjt_ss,-15,3.3,pnp_05p00x00p42,x1,1e-05,0.845942,results/raw/20260731T145914Z/pnp/pnp_bjt_ss_-15.wrdata
20260731T145914Z,2026-07-31T14:59:14.457775+00:00,gf180mcuD,46,pnp_vbe.spice,bjt_ss,-15,3.3,pnp_10p00x10p00,x1,1e-06,0.720884,results/raw/20260731T145914Z/pnp/pnp_bjt_ss_-15.wrdata
20260731T145914Z,2026-07-31T14:59:14.457775+00:00,gf180mcuD,46,pnp_vbe.spice,bjt_ss,-15,3.3,pnp_10p00x10p00,x1,0.0001,0.825278,results/raw/20260731T145914Z/pnp/pnp_bjt_ss_-15.wrdata
20260731T145914Z,2026-07-31T14:59:14.457775+00:00,gf180mcuD,46,pnp_vbe.spice,bjt_ss,-15,3.3,pnp_10p00x10p00,ratio8_unit(x1),1e-05,0.772317,results/raw/20260731T145914Z/pnp/pnp_bjt_ss_-15.wrdata
20260731T145914Z,2026-07-31T14:59:14.457775+00:00,gf180mcuD,46,pnp_vbe.spice,bjt_ss,-15,3.3,pnp_10p00x10p00,ratio8_par(x8),1e-05,0.725857,results/raw/20260731T145914Z/pnp/pnp_bjt_ss_-15.wrdata
20260731T145914Z,2026-07-31T14:59:14.457775+00:00,gf180mcuD,46,pnp_vbe.spice,bjt_ss,-15,3.3,pnp_10p00x10p00,ratio4_unit(x1),1e-05,0.772317,results/raw/20260731T145914Z/pnp/pnp_bjt_ss_-15.wrdata
20260731T145914Z,2026-07-31T14:59:14.457775+00:00,gf180mcuD,46,pnp_vbe.spice,bjt_ss,-15,3.3,pnp_10p00x10p00,ratio4_par(x4),1e-05,0.741314,results/raw/20260731T145914Z/pnp/pnp_bjt_ss_-15.wrdata
20260731T145914Z,2026-07-31T14:59:14.457775+00:00,gf180mcuD,46,pnp_vbe.spice,bjt_ss,10,3.3,pnp_10p00x10p00,x1,1e-05,0.728382,results/raw/20260731T145914Z/pnp/pnp_bjt_ss_10.wrdata
20260731T145914Z,2026-07-31T14:59:14.457775+00:00,gf180mcuD,46,pnp_vbe.spice,bjt_ss,10,3.3,pnp_05p00x05p00,x1,1e-05,0.759774,results/raw/20260731T145914Z/pnp/pnp_bjt_ss_10.wrdata
20260731T145914Z,2026-07-31T14:59:14.457775+00:00,gf180mcuD,46,pnp_vbe.spice,bjt_ss,10,3.3,pnp_10p00x00p42,x1,1e-05,0.792308,results/raw/20260731T145914Z/pnp/pnp_bjt_ss_10.wrdata
20260731T145914Z,2026-07-31T14:59:14.457775+00:00,gf180mcuD,46,pnp_vbe.spice,bjt_ss,10,3.3,pnp_05p00x00p42,x1,1e-05,0.809936,results/raw/20260731T145914Z/pnp/pnp_bjt_ss_10.wrdata
20260731T145914Z,2026-07-31T14:59:14.457775+00:00,gf180mcuD,46,pnp_vbe.spice,bjt_ss,10,3.3,pnp_10p00x10p00,x1,1e-06,0.671983,results/raw/20260731T145914Z/pnp/pnp_bjt_ss_10.wrdata
20260731T145914Z,2026-07-31T14:59:14.457775+00:00,gf180mcuD,46,pnp_vbe.spice,bjt_ss,10,3.3,pnp_10p00x10p00,x1,0.0001,0.786270,results/raw/20260731T145914Z/pnp/pnp_bjt_ss_10.wrdata
20260731T145914Z,2026-07-31T14:59:14.457775+00:00,gf180mcuD,46,pnp_vbe.spice,bjt_ss,10,3.3,pnp_10p00x10p00,ratio8_unit(x1),1e-05,0.728382,results/raw/20260731T145914Z/pnp/pnp_bjt_ss_10.wrdata
20260731T145914Z,2026-07-31T14:59:14.457775+00:00,gf180mcuD,46,pnp_vbe.spice,bjt_ss,10,3.3,pnp_10p00x10p00,ratio8_par(x8),1e-05,0.677438,results/raw/20260731T145914Z/pnp/pnp_bjt_ss_10.wrdata
20260731T145914Z,2026-07-31T14:59:14.457775+00:00,gf180mcuD,46,pnp_vbe.spice,bjt_ss,10,3.3,pnp_10p00x10p00,ratio4_unit(x1),1e-05,0.728382,results/raw/20260731T145914Z/pnp/pnp_bjt_ss_10.wrdata
20260731T145914Z,2026-07-31T14:59:14.457775+00:00,gf180mcuD,46,pnp_vbe.spice,bjt_ss,10,3.3,pnp_10p00x10p00,ratio4_par(x4),1e-05,0.694390,results/raw/20260731T145914Z/pnp/pnp_bjt_ss_10.wrdata
20260731T145914Z,2026-07-31T14:59:14.457775+00:00,gf180mcuD,46,pnp_vbe.spice,bjt_ss,27,3.3,pnp_10p00x10p00,x1,1e-05,0.698160,results/raw/20260731T145914Z/pnp/pnp_bjt_ss_27.wrdata
20260731T145914Z,2026-07-31T14:59:14.457775+00:00,gf180mcuD,46,pnp_vbe.spice,bjt_ss,27,3.3,pnp_05p00x05p00,x1,1e-05,0.731509,results/raw/20260731T145914Z/pnp/pnp_bjt_ss_27.wrdata
20260731T145914Z,2026-07-31T14:59:14.457775+00:00,gf180mcuD,46,pnp_vbe.spice,bjt_ss,27,3.3,pnp_10p00x00p42,x1,1e-05,0.766320,results/raw/20260731T145914Z/pnp/pnp_bjt_ss_27.wrdata
20260731T145914Z,2026-07-31T14:59:14.457775+00:00,gf180mcuD,46,pnp_vbe.spice,bjt_ss,27,3.3,pnp_05p00x00p42,x1,1e-05,0.785036,results/raw/20260731T145914Z/pnp/pnp_bjt_ss_27.wrdata
20260731T145914Z,2026-07-31T14:59:14.457775+00:00,gf180mcuD,46,pnp_vbe.spice,bjt_ss,27,3.3,pnp_10p00x10p00,x1,1e-06,0.638383,results/raw/20260731T145914Z/pnp/pnp_bjt_ss_27.wrdata
20260731T145914Z,2026-07-31T14:59:14.457775+00:00,gf180mcuD,46,pnp_vbe.spice,bjt_ss,27,3.3,pnp_10p00x10p00,x1,0.0001,0.759413,results/raw/20260731T145914Z/pnp/pnp_bjt_ss_27.wrdata
20260731T145914Z,2026-07-31T14:59:14.457775+00:00,gf180mcuD,46,pnp_vbe.spice,bjt_ss,27,3.3,pnp_10p00x10p00,ratio8_unit(x1),1e-05,0.698160,results/raw/20260731T145914Z/pnp/pnp_bjt_ss_27.wrdata
20260731T145914Z,2026-07-31T14:59:14.457775+00:00,gf180mcuD,46,pnp_vbe.spice,bjt_ss,27,3.3,pnp_10p00x10p00,ratio8_par(x8),1e-05,0.644165,results/raw/20260731T145914Z/pnp/pnp_bjt_ss_27.wrdata
20260731T145914Z,2026-07-31T14:59:14.457775+00:00,gf180mcuD,46,pnp_vbe.spice,bjt_ss,27,3.3,pnp_10p00x10p00,ratio4_unit(x1),1e-05,0.698160,results/raw/20260731T145914Z/pnp/pnp_bjt_ss_27.wrdata
20260731T145914Z,2026-07-31T14:59:14.457775+00:00,gf180mcuD,46,pnp_vbe.spice,bjt_ss,27,3.3,pnp_10p00x10p00,ratio4_par(x4),1e-05,0.662134,results/raw/20260731T145914Z/pnp/pnp_bjt_ss_27.wrdata
20260731T145914Z,2026-07-31T14:59:14.457775+00:00,gf180mcuD,46,pnp_vbe.spice,bjt_ss,60,3.3,pnp_10p00x10p00,x1,1e-05,0.638766,results/raw/20260731T145914Z/pnp/pnp_bjt_ss_60.wrdata
20260731T145914Z,2026-07-31T14:59:14.457775+00:00,gf180mcuD,46,pnp_vbe.spice,bjt_ss,60,3.3,pnp_05p00x05p00,x1,1e-05,0.675912,results/raw/20260731T145914Z/pnp/pnp_bjt_ss_60.wrdata
20260731T145914Z,2026-07-31T14:59:14.457775+00:00,gf180mcuD,46,pnp_vbe.spice,bjt_ss,60,3.3,pnp_10p00x00p42,x1,1e-05,0.715033,results/raw/20260731T145914Z/pnp/pnp_bjt_ss_60.wrdata
20260731T145914Z,2026-07-31T14:59:14.457775+00:00,gf180mcuD,46,pnp_vbe.spice,bjt_ss,60,3.3,pnp_05p00x00p42,x1,1e-05,0.735879,results/raw/20260731T145914Z/pnp/pnp_bjt_ss_60.wrdata
20260731T145914Z,2026-07-31T14:59:14.457775+00:00,gf180mcuD,46,pnp_vbe.spice,bjt_ss,60,3.3,pnp_10p00x10p00,x1,1e-06,0.572425,results/raw/20260731T145914Z/pnp/pnp_bjt_ss_60.wrdata
20260731T145914Z,2026-07-31T14:59:14.457775+00:00,gf180mcuD,46,pnp_vbe.spice,bjt_ss,60,3.3,pnp_10p00x10p00,x1,0.0001,0.706588,results/raw/20260731T145914Z/pnp/pnp_bjt_ss_60.wrdata
20260731T145914Z,2026-07-31T14:59:14.457775+00:00,gf180mcuD,46,pnp_vbe.spice,bjt_ss,60,3.3,pnp_10p00x10p00,ratio8_unit(x1),1e-05,0.638766,results/raw/20260731T145914Z/pnp/pnp_bjt_ss_60.wrdata
20260731T145914Z,2026-07-31T14:59:14.457775+00:00,gf180mcuD,46,pnp_vbe.spice,bjt_ss,60,3.3,pnp_10p00x10p00,ratio8_par(x8),1e-05,0.578844,results/raw/20260731T145914Z/pnp/pnp_bjt_ss_60.wrdata
20260731T145914Z,2026-07-31T14:59:14.457775+00:00,gf180mcuD,46,pnp_vbe.spice,bjt_ss,60,3.3,pnp_10p00x10p00,ratio4_unit(x1),1e-05,0.638766,results/raw/20260731T145914Z/pnp/pnp_bjt_ss_60.wrdata
20260731T145914Z,2026-07-31T14:59:14.457775+00:00,gf180mcuD,46,pnp_vbe.spice,bjt_ss,60,3.3,pnp_10p00x10p00,ratio4_par(x4),1e-05,0.598788,results/raw/20260731T145914Z/pnp/pnp_bjt_ss_60.wrdata
20260731T145914Z,2026-07-31T14:59:14.457775+00:00,gf180mcuD,46,pnp_vbe.spice,bjt_ss,90,3.3,pnp_10p00x10p00,x1,1e-05,0.584008,results/raw/20260731T145914Z/pnp/pnp_bjt_ss_90.wrdata
20260731T145914Z,2026-07-31T14:59:14.457775+00:00,gf180mcuD,46,pnp_vbe.spice,bjt_ss,90,3.3,pnp_05p00x05p00,x1,1e-05,0.624610,results/raw/20260731T145914Z/pnp/pnp_bjt_ss_90.wrdata
20260731T145914Z,2026-07-31T14:59:14.457775+00:00,gf180mcuD,46,pnp_vbe.spice,bjt_ss,90,3.3,pnp_10p00x00p42,x1,1e-05,0.667567,results/raw/20260731T145914Z/pnp/pnp_bjt_ss_90.wrdata
20260731T145914Z,2026-07-31T14:59:14.457775+00:00,gf180mcuD,46,pnp_vbe.spice,bjt_ss,90,3.3,pnp_05p00x00p42,x1,1e-05,0.690378,results/raw/20260731T145914Z/pnp/pnp_bjt_ss_90.wrdata
20260731T145914Z,2026-07-31T14:59:14.457775+00:00,gf180mcuD,46,pnp_vbe.spice,bjt_ss,90,3.3,pnp_10p00x10p00,x1,1e-06,0.511695,results/raw/20260731T145914Z/pnp/pnp_bjt_ss_90.wrdata
20260731T145914Z,2026-07-31T14:59:14.457775+00:00,gf180mcuD,46,pnp_vbe.spice,bjt_ss,90,3.3,pnp_10p00x10p00,x1,0.0001,0.657852,results/raw/20260731T145914Z/pnp/pnp_bjt_ss_90.wrdata
20260731T145914Z,2026-07-31T14:59:14.457775+00:00,gf180mcuD,46,pnp_vbe.spice,bjt_ss,90,3.3,pnp_10p00x10p00,ratio8_unit(x1),1e-05,0.584008,results/raw/20260731T145914Z/pnp/pnp_bjt_ss_90.wrdata
20260731T145914Z,2026-07-31T14:59:14.457775+00:00,gf180mcuD,46,pnp_vbe.spice,bjt_ss,90,3.3,pnp_10p00x10p00,ratio8_par(x8),1e-05,0.518692,results/raw/20260731T145914Z/pnp/pnp_bjt_ss_90.wrdata
20260731T145914Z,2026-07-31T14:59:14.457775+00:00,gf180mcuD,46,pnp_vbe.spice,bjt_ss,90,3.3,pnp_10p00x10p00,ratio4_unit(x1),1e-05,0.584008,results/raw/20260731T145914Z/pnp/pnp_bjt_ss_90.wrdata
20260731T145914Z,2026-07-31T14:59:14.457775+00:00,gf180mcuD,46,pnp_vbe.spice,bjt_ss,90,3.3,pnp_10p00x10p00,ratio4_par(x4),1e-05,0.540434,results/raw/20260731T145914Z/pnp/pnp_bjt_ss_90.wrdata
20260731T145914Z,2026-07-31T14:59:14.457775+00:00,gf180mcuD,46,pnp_vbe.spice,bjt_ss,125,3.3,pnp_10p00x10p00,x1,1e-05,0.519296,results/raw/20260731T145914Z/pnp/pnp_bjt_ss_125.wrdata
20260731T145914Z,2026-07-31T14:59:14.457775+00:00,gf180mcuD,46,pnp_vbe.spice,bjt_ss,125,3.3,pnp_05p00x05p00,x1,1e-05,0.563943,results/raw/20260731T145914Z/pnp/pnp_bjt_ss_125.wrdata
20260731T145914Z,2026-07-31T14:59:14.457775+00:00,gf180mcuD,46,pnp_vbe.spice,bjt_ss,125,3.3,pnp_10p00x00p42,x1,1e-05,0.611320,results/raw/20260731T145914Z/pnp/pnp_bjt_ss_125.wrdata
20260731T145914Z,2026-07-31T14:59:14.457775+00:00,gf180mcuD,46,pnp_vbe.spice,bjt_ss,125,3.3,pnp_05p00x00p42,x1,1e-05,0.636478,results/raw/20260731T145914Z/pnp/pnp_bjt_ss_125.wrdata
20260731T145914Z,2026-07-31T14:59:14.457775+00:00,gf180mcuD,46,pnp_vbe.spice,bjt_ss,125,3.3,pnp_10p00x10p00,x1,1e-06,0.440003,results/raw/20260731T145914Z/pnp/pnp_bjt_ss_125.wrdata
20260731T145914Z,2026-07-31T14:59:14.457775+00:00,gf180mcuD,46,pnp_vbe.spice,bjt_ss,125,3.3,pnp_10p00x10p00,x1,0.0001,0.600252,results/raw/20260731T145914Z/pnp/pnp_bjt_ss_125.wrdata
20260731T145914Z,2026-07-31T14:59:14.457775+00:00,gf180mcuD,46,pnp_vbe.spice,bjt_ss,125,3.3,pnp_10p00x10p00,ratio8_unit(x1),1e-05,0.519296,results/raw/20260731T145914Z/pnp/pnp_bjt_ss_125.wrdata
20260731T145914Z,2026-07-31T14:59:14.457775+00:00,gf180mcuD,46,pnp_vbe.spice,bjt_ss,125,3.3,pnp_10p00x10p00,ratio8_par(x8),1e-05,0.447675,results/raw/20260731T145914Z/pnp/pnp_bjt_ss_125.wrdata
20260731T145914Z,2026-07-31T14:59:14.457775+00:00,gf180mcuD,46,pnp_vbe.spice,bjt_ss,125,3.3,pnp_10p00x10p00,ratio4_unit(x1),1e-05,0.519296,results/raw/20260731T145914Z/pnp/pnp_bjt_ss_125.wrdata
20260731T145914Z,2026-07-31T14:59:14.457775+00:00,gf180mcuD,46,pnp_vbe.spice,bjt_ss,125,3.3,pnp_10p00x10p00,ratio4_par(x4),1e-05,0.471516,results/raw/20260731T145914Z/pnp/pnp_bjt_ss_125.wrdata
20260731T145914Z,2026-07-31T14:59:14.457775+00:00,gf180mcuD,46,pnp_vbe.spice,bjt_ff,-40,3.3,pnp_10p00x10p00,x1,1e-05,0.804607,results/raw/20260731T145914Z/pnp/pnp_bjt_ff_-40.wrdata
20260731T145914Z,2026-07-31T14:59:14.457775+00:00,gf180mcuD,46,pnp_vbe.spice,bjt_ff,-40,3.3,pnp_05p00x05p00,x1,1e-05,0.830299,results/raw/20260731T145914Z/pnp/pnp_bjt_ff_-40.wrdata
20260731T145914Z,2026-07-31T14:59:14.457775+00:00,gf180mcuD,46,pnp_vbe.spice,bjt_ff,-40,3.3,pnp_10p00x00p42,x1,1e-05,0.855995,results/raw/20260731T145914Z/pnp/pnp_bjt_ff_-40.wrdata
20260731T145914Z,2026-07-31T14:59:14.457775+00:00,gf180mcuD,46,pnp_vbe.spice,bjt_ff,-40,3.3,pnp_05p00x00p42,x1,1e-05,0.870485,results/raw/20260731T145914Z/pnp/pnp_bjt_ff_-40.wrdata
20260731T145914Z,2026-07-31T14:59:14.457775+00:00,gf180mcuD,46,pnp_vbe.spice,bjt_ff,-40,3.3,pnp_10p00x10p00,x1,1e-06,0.758206,results/raw/20260731T145914Z/pnp/pnp_bjt_ff_-40.wrdata
20260731T145914Z,2026-07-31T14:59:14.457775+00:00,gf180mcuD,46,pnp_vbe.spice,bjt_ff,-40,3.3,pnp_10p00x10p00,x1,0.0001,0.851960,results/raw/20260731T145914Z/pnp/pnp_bjt_ff_-40.wrdata
20260731T145914Z,2026-07-31T14:59:14.457775+00:00,gf180mcuD,46,pnp_vbe.spice,bjt_ff,-40,3.3,pnp_10p00x10p00,ratio8_unit(x1),1e-05,0.804607,results/raw/20260731T145914Z/pnp/pnp_bjt_ff_-40.wrdata
20260731T145914Z,2026-07-31T14:59:14.457775+00:00,gf180mcuD,46,pnp_vbe.spice,bjt_ff,-40,3.3,pnp_10p00x10p00,ratio8_par(x8),1e-05,0.762696,results/raw/20260731T145914Z/pnp/pnp_bjt_ff_-40.wrdata
20260731T145914Z,2026-07-31T14:59:14.457775+00:00,gf180mcuD,46,pnp_vbe.spice,bjt_ff,-40,3.3,pnp_10p00x10p00,ratio4_unit(x1),1e-05,0.804607,results/raw/20260731T145914Z/pnp/pnp_bjt_ff_-40.wrdata
20260731T145914Z,2026-07-31T14:59:14.457775+00:00,gf180mcuD,46,pnp_vbe.spice,bjt_ff,-40,3.3,pnp_10p00x10p00,ratio4_par(x4),1e-05,0.776648,results/raw/20260731T145914Z/pnp/pnp_bjt_ff_-40.wrdata
20260731T145914Z,2026-07-31T14:59:14.457775+00:00,gf180mcuD,46,pnp_vbe.spice,bjt_ff,-15,3.3,pnp_10p00x10p00,x1,1e-05,0.759851,results/raw/20260731T145914Z/pnp/pnp_bjt_ff_-15.wrdata
20260731T145914Z,2026-07-31T14:59:14.457775+00:00,gf180mcuD,46,pnp_vbe.spice,bjt_ff,-15,3.3,pnp_05p00x05p00,x1,1e-05,0.788424,results/raw/20260731T145914Z/pnp/pnp_bjt_ff_-15.wrdata
20260731T145914Z,2026-07-31T14:59:14.457775+00:00,gf180mcuD,46,pnp_vbe.spice,bjt_ff,-15,3.3,pnp_10p00x00p42,x1,1e-05,0.817650,results/raw/20260731T145914Z/pnp/pnp_bjt_ff_-15.wrdata
20260731T145914Z,2026-07-31T14:59:14.457775+00:00,gf180mcuD,46,pnp_vbe.spice,bjt_ff,-15,3.3,pnp_05p00x00p42,x1,1e-05,0.833735,results/raw/20260731T145914Z/pnp/pnp_bjt_ff_-15.wrdata
20260731T145914Z,2026-07-31T14:59:14.457775+00:00,gf180mcuD,46,pnp_vbe.spice,bjt_ff,-15,3.3,pnp_10p00x10p00,x1,1e-06,0.708482,results/raw/20260731T145914Z/pnp/pnp_bjt_ff_-15.wrdata
20260731T145914Z,2026-07-31T14:59:14.457775+00:00,gf180mcuD,46,pnp_vbe.spice,bjt_ff,-15,3.3,pnp_10p00x10p00,x1,0.0001,0.812156,results/raw/20260731T145914Z/pnp/pnp_bjt_ff_-15.wrdata
20260731T145914Z,2026-07-31T14:59:14.457775+00:00,gf180mcuD,46,pnp_vbe.spice,bjt_ff,-15,3.3,pnp_10p00x10p00,ratio8_unit(x1),1e-05,0.759851,results/raw/20260731T145914Z/pnp/pnp_bjt_ff_-15.wrdata
20260731T145914Z,2026-07-31T14:59:14.457775+00:00,gf180mcuD,46,pnp_vbe.spice,bjt_ff,-15,3.3,pnp_10p00x10p00,ratio8_par(x8),1e-05,0.713453,results/raw/20260731T145914Z/pnp/pnp_bjt_ff_-15.wrdata
20260731T145914Z,2026-07-31T14:59:14.457775+00:00,gf180mcuD,46,pnp_vbe.spice,bjt_ff,-15,3.3,pnp_10p00x10p00,ratio4_unit(x1),1e-05,0.759851,results/raw/20260731T145914Z/pnp/pnp_bjt_ff_-15.wrdata
20260731T145914Z,2026-07-31T14:59:14.457775+00:00,gf180mcuD,46,pnp_vbe.spice,bjt_ff,-15,3.3,pnp_10p00x10p00,ratio4_par(x4),1e-05,0.728901,results/raw/20260731T145914Z/pnp/pnp_bjt_ff_-15.wrdata
20260731T145914Z,2026-07-31T14:59:14.457775+00:00,gf180mcuD,46,pnp_vbe.spice,bjt_ff,10,3.3,pnp_10p00x10p00,x1,1e-05,0.714420,results/raw/20260731T145914Z/pnp/pnp_bjt_ff_10.wrdata
20260731T145914Z,2026-07-31T14:59:14.457775+00:00,gf180mcuD,46,pnp_vbe.spice,bjt_ff,10,3.3,pnp_05p00x05p00,x1,1e-05,0.745867,results/raw/20260731T145914Z/pnp/pnp_bjt_ff_10.wrdata
20260731T145914Z,2026-07-31T14:59:14.457775+00:00,gf180mcuD,46,pnp_vbe.spice,bjt_ff,10,3.3,pnp_10p00x00p42,x1,1e-05,0.778440,results/raw/20260731T145914Z/pnp/pnp_bjt_ff_10.wrdata
20260731T145914Z,2026-07-31T14:59:14.457775+00:00,gf180mcuD,46,pnp_vbe.spice,bjt_ff,10,3.3,pnp_05p00x00p42,x1,1e-05,0.796129,results/raw/20260731T145914Z/pnp/pnp_bjt_ff_10.wrdata
20260731T145914Z,2026-07-31T14:59:14.457775+00:00,gf180mcuD,46,pnp_vbe.spice,bjt_ff,10,3.3,pnp_10p00x10p00,x1,1e-06,0.658081,results/raw/20260731T145914Z/pnp/pnp_bjt_ff_10.wrdata
20260731T145914Z,2026-07-31T14:59:14.457775+00:00,gf180mcuD,46,pnp_vbe.spice,bjt_ff,10,3.3,pnp_10p00x10p00,x1,0.0001,0.771701,results/raw/20260731T145914Z/pnp/pnp_bjt_ff_10.wrdata
20260731T145914Z,2026-07-31T14:59:14.457775+00:00,gf180mcuD,46,pnp_vbe.spice,bjt_ff,10,3.3,pnp_10p00x10p00,ratio8_unit(x1),1e-05,0.714420,results/raw/20260731T145914Z/pnp/pnp_bjt_ff_10.wrdata
20260731T145914Z,2026-07-31T14:59:14.457775+00:00,gf180mcuD,46,pnp_vbe.spice,bjt_ff,10,3.3,pnp_10p00x10p00,ratio8_par(x8),1e-05,0.663534,results/raw/20260731T145914Z/pnp/pnp_bjt_ff_10.wrdata
20260731T145914Z,2026-07-31T14:59:14.457775+00:00,gf180mcuD,46,pnp_vbe.spice,bjt_ff,10,3.3,pnp_10p00x10p00,ratio4_unit(x1),1e-05,0.714420,results/raw/20260731T145914Z/pnp/pnp_bjt_ff_10.wrdata
20260731T145914Z,2026-07-31T14:59:14.457775+00:00,gf180mcuD,46,pnp_vbe.spice,bjt_ff,10,3.3,pnp_10p00x10p00,ratio4_par(x4),1e-05,0.680477,results/raw/20260731T145914Z/pnp/pnp_bjt_ff_10.wrdata
20260731T145914Z,2026-07-31T14:59:14.457775+00:00,gf180mcuD,46,pnp_vbe.spice,bjt_ff,27,3.3,pnp_10p00x10p00,x1,1e-05,0.683177,results/raw/20260731T145914Z/pnp/pnp_bjt_ff_27.wrdata
20260731T145914Z,2026-07-31T14:59:14.457775+00:00,gf180mcuD,46,pnp_vbe.spice,bjt_ff,27,3.3,pnp_05p00x05p00,x1,1e-05,0.716576,results/raw/20260731T145914Z/pnp/pnp_bjt_ff_27.wrdata
20260731T145914Z,2026-07-31T14:59:14.457775+00:00,gf180mcuD,46,pnp_vbe.spice,bjt_ff,27,3.3,pnp_10p00x00p42,x1,1e-05,0.751361,results/raw/20260731T145914Z/pnp/pnp_bjt_ff_27.wrdata
20260731T145914Z,2026-07-31T14:59:14.457775+00:00,gf180mcuD,46,pnp_vbe.spice,bjt_ff,27,3.3,pnp_05p00x00p42,x1,1e-05,0.770146,results/raw/20260731T145914Z/pnp/pnp_bjt_ff_27.wrdata
20260731T145914Z,2026-07-31T14:59:14.457775+00:00,gf180mcuD,46,pnp_vbe.spice,bjt_ff,27,3.3,pnp_10p00x10p00,x1,1e-06,0.623456,results/raw/20260731T145914Z/pnp/pnp_bjt_ff_27.wrdata
20260731T145914Z,2026-07-31T14:59:14.457775+00:00,gf180mcuD,46,pnp_vbe.spice,bjt_ff,27,3.3,pnp_10p00x10p00,x1,0.0001,0.743856,results/raw/20260731T145914Z/pnp/pnp_bjt_ff_27.wrdata
20260731T145914Z,2026-07-31T14:59:14.457775+00:00,gf180mcuD,46,pnp_vbe.spice,bjt_ff,27,3.3,pnp_10p00x10p00,ratio8_unit(x1),1e-05,0.683177,results/raw/20260731T145914Z/pnp/pnp_bjt_ff_27.wrdata
20260731T145914Z,2026-07-31T14:59:14.457775+00:00,gf180mcuD,46,pnp_vbe.spice,bjt_ff,27,3.3,pnp_10p00x10p00,ratio8_par(x8),1e-05,0.629236,results/raw/20260731T145914Z/pnp/pnp_bjt_ff_27.wrdata
20260731T145914Z,2026-07-31T14:59:14.457775+00:00,gf180mcuD,46,pnp_vbe.spice,bjt_ff,27,3.3,pnp_10p00x10p00,ratio4_unit(x1),1e-05,0.683177,results/raw/20260731T145914Z/pnp/pnp_bjt_ff_27.wrdata
20260731T145914Z,2026-07-31T14:59:14.457775+00:00,gf180mcuD,46,pnp_vbe.spice,bjt_ff,27,3.3,pnp_10p00x10p00,ratio4_par(x4),1e-05,0.647198,results/raw/20260731T145914Z/pnp/pnp_bjt_ff_27.wrdata
20260731T145914Z,2026-07-31T14:59:14.457775+00:00,gf180mcuD,46,pnp_vbe.spice,bjt_ff,60,3.3,pnp_10p00x10p00,x1,1e-05,0.621794,results/raw/20260731T145914Z/pnp/pnp_bjt_ff_60.wrdata
20260731T145914Z,2026-07-31T14:59:14.457775+00:00,gf180mcuD,46,pnp_vbe.spice,bjt_ff,60,3.3,pnp_05p00x05p00,x1,1e-05,0.658982,results/raw/20260731T145914Z/pnp/pnp_bjt_ff_60.wrdata
20260731T145914Z,2026-07-31T14:59:14.457775+00:00,gf180mcuD,46,pnp_vbe.spice,bjt_ff,60,3.3,pnp_10p00x00p42,x1,1e-05,0.697965,results/raw/20260731T145914Z/pnp/pnp_bjt_ff_60.wrdata
20260731T145914Z,2026-07-31T14:59:14.457775+00:00,gf180mcuD,46,pnp_vbe.spice,bjt_ff,60,3.3,pnp_05p00x00p42,x1,1e-05,0.718898,results/raw/20260731T145914Z/pnp/pnp_bjt_ff_60.wrdata
20260731T145914Z,2026-07-31T14:59:14.457775+00:00,gf180mcuD,46,pnp_vbe.spice,bjt_ff,60,3.3,pnp_10p00x10p00,x1,1e-06,0.555502,results/raw/20260731T145914Z/pnp/pnp_bjt_ff_60.wrdata
20260731T145914Z,2026-07-31T14:59:14.457775+00:00,gf180mcuD,46,pnp_vbe.spice,bjt_ff,60,3.3,pnp_10p00x10p00,x1,0.0001,0.689105,results/raw/20260731T145914Z/pnp/pnp_bjt_ff_60.wrdata
20260731T145914Z,2026-07-31T14:59:14.457775+00:00,gf180mcuD,46,pnp_vbe.spice,bjt_ff,60,3.3,pnp_10p00x10p00,ratio8_unit(x1),1e-05,0.621794,results/raw/20260731T145914Z/pnp/pnp_bjt_ff_60.wrdata
20260731T145914Z,2026-07-31T14:59:14.457775+00:00,gf180mcuD,46,pnp_vbe.spice,bjt_ff,60,3.3,pnp_10p00x10p00,ratio8_par(x8),1e-05,0.561919,results/raw/20260731T145914Z/pnp/pnp_bjt_ff_60.wrdata
20260731T145914Z,2026-07-31T14:59:14.457775+00:00,gf180mcuD,46,pnp_vbe.spice,bjt_ff,60,3.3,pnp_10p00x10p00,ratio4_unit(x1),1e-05,0.621794,results/raw/20260731T145914Z/pnp/pnp_bjt_ff_60.wrdata
20260731T145914Z,2026-07-31T14:59:14.457775+00:00,gf180mcuD,46,pnp_vbe.spice,bjt_ff,60,3.3,pnp_10p00x10p00,ratio4_par(x4),1e-05,0.581857,results/raw/20260731T145914Z/pnp/pnp_bjt_ff_60.wrdata
20260731T145914Z,2026-07-31T14:59:14.457775+00:00,gf180mcuD,46,pnp_vbe.spice,bjt_ff,90,3.3,pnp_10p00x10p00,x1,1e-05,0.565221,results/raw/20260731T145914Z/pnp/pnp_bjt_ff_90.wrdata
20260731T145914Z,2026-07-31T14:59:14.457775+00:00,gf180mcuD,46,pnp_vbe.spice,bjt_ff,90,3.3,pnp_05p00x05p00,x1,1e-05,0.605859,results/raw/20260731T145914Z/pnp/pnp_bjt_ff_90.wrdata
20260731T145914Z,2026-07-31T14:59:14.457775+00:00,gf180mcuD,46,pnp_vbe.spice,bjt_ff,90,3.3,pnp_10p00x00p42,x1,1e-05,0.648591,results/raw/20260731T145914Z/pnp/pnp_bjt_ff_90.wrdata
20260731T145914Z,2026-07-31T14:59:14.457775+00:00,gf180mcuD,46,pnp_vbe.spice,bjt_ff,90,3.3,pnp_05p00x00p42,x1,1e-05,0.671509,results/raw/20260731T145914Z/pnp/pnp_bjt_ff_90.wrdata
20260731T145914Z,2026-07-31T14:59:14.457775+00:00,gf180mcuD,46,pnp_vbe.spice,bjt_ff,90,3.3,pnp_10p00x10p00,x1,1e-06,0.492950,results/raw/20260731T145914Z/pnp/pnp_bjt_ff_90.wrdata
20260731T145914Z,2026-07-31T14:59:14.457775+00:00,gf180mcuD,46,pnp_vbe.spice,bjt_ff,90,3.3,pnp_10p00x10p00,x1,0.0001,0.638615,results/raw/20260731T145914Z/pnp/pnp_bjt_ff_90.wrdata
20260731T145914Z,2026-07-31T14:59:14.457775+00:00,gf180mcuD,46,pnp_vbe.spice,bjt_ff,90,3.3,pnp_10p00x10p00,ratio8_unit(x1),1e-05,0.565221,results/raw/20260731T145914Z/pnp/pnp_bjt_ff_90.wrdata
20260731T145914Z,2026-07-31T14:59:14.457775+00:00,gf180mcuD,46,pnp_vbe.spice,bjt_ff,90,3.3,pnp_10p00x10p00,ratio8_par(x8),1e-05,0.499946,results/raw/20260731T145914Z/pnp/pnp_bjt_ff_90.wrdata
20260731T145914Z,2026-07-31T14:59:14.457775+00:00,gf180mcuD,46,pnp_vbe.spice,bjt_ff,90,3.3,pnp_10p00x10p00,ratio4_unit(x1),1e-05,0.565221,results/raw/20260731T145914Z/pnp/pnp_bjt_ff_90.wrdata
20260731T145914Z,2026-07-31T14:59:14.457775+00:00,gf180mcuD,46,pnp_vbe.spice,bjt_ff,90,3.3,pnp_10p00x10p00,ratio4_par(x4),1e-05,0.521682,results/raw/20260731T145914Z/pnp/pnp_bjt_ff_90.wrdata
20260731T145914Z,2026-07-31T14:59:14.457775+00:00,gf180mcuD,46,pnp_vbe.spice,bjt_ff,125,3.3,pnp_10p00x10p00,x1,1e-05,0.498386,results/raw/20260731T145914Z/pnp/pnp_bjt_ff_125.wrdata
20260731T145914Z,2026-07-31T14:59:14.457775+00:00,gf180mcuD,46,pnp_vbe.spice,bjt_ff,125,3.3,pnp_05p00x05p00,x1,1e-05,0.543063,results/raw/20260731T145914Z/pnp/pnp_bjt_ff_125.wrdata
20260731T145914Z,2026-07-31T14:59:14.457775+00:00,gf180mcuD,46,pnp_vbe.spice,bjt_ff,125,3.3,pnp_10p00x00p42,x1,1e-05,0.590129,results/raw/20260731T145914Z/pnp/pnp_bjt_ff_125.wrdata
20260731T145914Z,2026-07-31T14:59:14.457775+00:00,gf180mcuD,46,pnp_vbe.spice,bjt_ff,125,3.3,pnp_05p00x00p42,x1,1e-05,0.615427,results/raw/20260731T145914Z/pnp/pnp_bjt_ff_125.wrdata
20260731T145914Z,2026-07-31T14:59:14.457775+00:00,gf180mcuD,46,pnp_vbe.spice,bjt_ff,125,3.3,pnp_10p00x10p00,x1,1e-06,0.419127,results/raw/20260731T145914Z/pnp/pnp_bjt_ff_125.wrdata
20260731T145914Z,2026-07-31T14:59:14.457775+00:00,gf180mcuD,46,pnp_vbe.spice,bjt_ff,125,3.3,pnp_10p00x10p00,x1,0.0001,0.578973,results/raw/20260731T145914Z/pnp/pnp_bjt_ff_125.wrdata
20260731T145914Z,2026-07-31T14:59:14.457775+00:00,gf180mcuD,46,pnp_vbe.spice,bjt_ff,125,3.3,pnp_10p00x10p00,ratio8_unit(x1),1e-05,0.498386,results/raw/20260731T145914Z/pnp/pnp_bjt_ff_125.wrdata
20260731T145914Z,2026-07-31T14:59:14.457775+00:00,gf180mcuD,46,pnp_vbe.spice,bjt_ff,125,3.3,pnp_10p00x10p00,ratio8_par(x8),1e-05,0.426798,results/raw/20260731T145914Z/pnp/pnp_bjt_ff_125.wrdata
20260731T145914Z,2026-07-31T14:59:14.457775+00:00,gf180mcuD,46,pnp_vbe.spice,bjt_ff,125,3.3,pnp_10p00x10p00,ratio4_unit(x1),1e-05,0.498386,results/raw/20260731T145914Z/pnp/pnp_bjt_ff_125.wrdata
20260731T145914Z,2026-07-31T14:59:14.457775+00:00,gf180mcuD,46,pnp_vbe.spice,bjt_ff,125,3.3,pnp_10p00x10p00,ratio4_par(x4),1e-05,0.450634,results/raw/20260731T145914Z/pnp/pnp_bjt_ff_125.wrdata
20260731T150232Z,2026-07-31T15:02:32.736987+00:00,gf180mcuD,46,pnp_vbe.spice,bjt_typical,-40,3.3,pnp_10p00x10p00,x1,1e-05,0.809073,results/raw/20260731T150232Z/pnp/pnp_bjt_typical_-40.wrdata
20260731T150232Z,2026-07-31T15:02:32.736987+00:00,gf180mcuD,46,pnp_vbe.spice,bjt_typical,-40,3.3,pnp_05p00x05p00,x1,1e-05,0.834734,results/raw/20260731T150232Z/pnp/pnp_bjt_typical_-40.wrdata
20260731T150232Z,2026-07-31T15:02:32.736987+00:00,gf180mcuD,46,pnp_vbe.spice,bjt_typical,-40,3.3,pnp_10p00x00p42,x1,1e-05,0.860306,results/raw/20260731T150232Z/pnp/pnp_bjt_typical_-40.wrdata
20260731T150232Z,2026-07-31T15:02:32.736987+00:00,gf180mcuD,46,pnp_vbe.spice,bjt_typical,-40,3.3,pnp_05p00x00p42,x1,1e-05,0.874778,results/raw/20260731T150232Z/pnp/pnp_bjt_typical_-40.wrdata
20260731T150232Z,2026-07-31T15:02:32.736987+00:00,gf180mcuD,46,pnp_vbe.spice,bjt_typical,-40,3.3,pnp_10p00x10p00,x1,1e-06,0.762641,results/raw/20260731T150232Z/pnp/pnp_bjt_typical_-40.wrdata
20260731T150232Z,2026-07-31T15:02:32.736987+00:00,gf180mcuD,46,pnp_vbe.spice,bjt_typical,-40,3.3,pnp_10p00x10p00,x1,0.0001,0.856742,results/raw/20260731T150232Z/pnp/pnp_bjt_typical_-40.wrdata
20260731T150232Z,2026-07-31T15:02:32.736987+00:00,gf180mcuD,46,pnp_vbe.spice,bjt_typical,-40,3.3,pnp_10p00x10p00,ratio8_unit(x1),1e-05,0.809073,results/raw/20260731T150232Z/pnp/pnp_bjt_typical_-40.wrdata
20260731T150232Z,2026-07-31T15:02:32.736987+00:00,gf180mcuD,46,pnp_vbe.spice,bjt_typical,-40,3.3,pnp_10p00x10p00,ratio8_par(x8),1e-05,0.767131,results/raw/20260731T150232Z/pnp/pnp_bjt_typical_-40.wrdata
20260731T150232Z,2026-07-31T15:02:32.736987+00:00,gf180mcuD,46,pnp_vbe.spice,bjt_typical,-40,3.3,pnp_10p00x10p00,ratio4_unit(x1),1e-05,0.809073,results/raw/20260731T150232Z/pnp/pnp_bjt_typical_-40.wrdata
20260731T150232Z,2026-07-31T15:02:32.736987+00:00,gf180mcuD,46,pnp_vbe.spice,bjt_typical,-40,3.3,pnp_10p00x10p00,ratio4_par(x4),1e-05,0.781087,results/raw/20260731T150232Z/pnp/pnp_bjt_typical_-40.wrdata
20260731T150232Z,2026-07-31T15:02:32.736987+00:00,gf180mcuD,46,pnp_vbe.spice,bjt_typical,27,3.3,pnp_10p00x10p00,x1,1e-05,0.689299,results/raw/20260731T150232Z/pnp/pnp_bjt_typical_27.wrdata
20260731T150232Z,2026-07-31T15:02:32.736987+00:00,gf180mcuD,46,pnp_vbe.spice,bjt_typical,27,3.3,pnp_05p00x05p00,x1,1e-05,0.722676,results/raw/20260731T150232Z/pnp/pnp_bjt_typical_27.wrdata
20260731T150232Z,2026-07-31T15:02:32.736987+00:00,gf180mcuD,46,pnp_vbe.spice,bjt_typical,27,3.3,pnp_10p00x00p42,x1,1e-05,0.757473,results/raw/20260731T150232Z/pnp/pnp_bjt_typical_27.wrdata
20260731T150232Z,2026-07-31T15:02:32.736987+00:00,gf180mcuD,46,pnp_vbe.spice,bjt_typical,27,3.3,pnp_05p00x00p42,x1,1e-05,0.776226,results/raw/20260731T150232Z/pnp/pnp_bjt_typical_27.wrdata
20260731T150232Z,2026-07-31T15:02:32.736987+00:00,gf180mcuD,46,pnp_vbe.spice,bjt_typical,27,3.3,pnp_10p00x10p00,x1,1e-06,0.629554,results/raw/20260731T150232Z/pnp/pnp_bjt_typical_27.wrdata
20260731T150232Z,2026-07-31T15:02:32.736987+00:00,gf180mcuD,46,pnp_vbe.spice,bjt_typical,27,3.3,pnp_10p00x10p00,x1,0.0001,0.750230,results/raw/20260731T150232Z/pnp/pnp_bjt_typical_27.wrdata
20260731T150232Z,2026-07-31T15:02:32.736987+00:00,gf180mcuD,46,pnp_vbe.spice,bjt_typical,27,3.3,pnp_10p00x10p00,ratio8_unit(x1),1e-05,0.689299,results/raw/20260731T150232Z/pnp/pnp_bjt_typical_27.wrdata
20260731T150232Z,2026-07-31T15:02:32.736987+00:00,gf180mcuD,46,pnp_vbe.spice,bjt_typical,27,3.3,pnp_10p00x10p00,ratio8_par(x8),1e-05,0.635335,results/raw/20260731T150232Z/pnp/pnp_bjt_typical_27.wrdata
20260731T150232Z,2026-07-31T15:02:32.736987+00:00,gf180mcuD,46,pnp_vbe.spice,bjt_typical,27,3.3,pnp_10p00x10p00,ratio4_unit(x1),1e-05,0.689299,results/raw/20260731T150232Z/pnp/pnp_bjt_typical_27.wrdata
20260731T150232Z,2026-07-31T15:02:32.736987+00:00,gf180mcuD,46,pnp_vbe.spice,bjt_typical,27,3.3,pnp_10p00x10p00,ratio4_par(x4),1e-05,0.653300,results/raw/20260731T150232Z/pnp/pnp_bjt_typical_27.wrdata
20260731T150232Z,2026-07-31T15:02:32.736987+00:00,gf180mcuD,46,pnp_vbe.spice,bjt_typical,125,3.3,pnp_10p00x10p00,x1,1e-05,0.506955,results/raw/20260731T150232Z/pnp/pnp_bjt_typical_125.wrdata
20260731T150232Z,2026-07-31T15:02:32.736987+00:00,gf180mcuD,46,pnp_vbe.spice,bjt_typical,125,3.3,pnp_05p00x05p00,x1,1e-05,0.551619,results/raw/20260731T150232Z/pnp/pnp_bjt_typical_125.wrdata
20260731T150232Z,2026-07-31T15:02:32.736987+00:00,gf180mcuD,46,pnp_vbe.spice,bjt_typical,125,3.3,pnp_10p00x00p42,x1,1e-05,0.598819,results/raw/20260731T150232Z/pnp/pnp_bjt_typical_125.wrdata
20260731T150232Z,2026-07-31T15:02:32.736987+00:00,gf180mcuD,46,pnp_vbe.spice,bjt_typical,125,3.3,pnp_05p00x00p42,x1,1e-05,0.624055,results/raw/20260731T150232Z/pnp/pnp_bjt_typical_125.wrdata
20260731T150232Z,2026-07-31T15:02:32.736987+00:00,gf180mcuD,46,pnp_vbe.spice,bjt_typical,125,3.3,pnp_10p00x10p00,x1,1e-06,0.427682,results/raw/20260731T150232Z/pnp/pnp_bjt_typical_125.wrdata
20260731T150232Z,2026-07-31T15:02:32.736987+00:00,gf180mcuD,46,pnp_vbe.spice,bjt_typical,125,3.3,pnp_10p00x10p00,x1,0.0001,0.587701,results/raw/20260731T150232Z/pnp/pnp_bjt_typical_125.wrdata
20260731T150232Z,2026-07-31T15:02:32.736987+00:00,gf180mcuD,46,pnp_vbe.spice,bjt_typical,125,3.3,pnp_10p00x10p00,ratio8_unit(x1),1e-05,0.506955,results/raw/20260731T150232Z/pnp/pnp_bjt_typical_125.wrdata
20260731T150232Z,2026-07-31T15:02:32.736987+00:00,gf180mcuD,46,pnp_vbe.spice,bjt_typical,125,3.3,pnp_10p00x10p00,ratio8_par(x8),1e-05,0.435354,results/raw/20260731T150232Z/pnp/pnp_bjt_typical_125.wrdata
20260731T150232Z,2026-07-31T15:02:32.736987+00:00,gf180mcuD,46,pnp_vbe.spice,bjt_typical,125,3.3,pnp_10p00x10p00,ratio4_unit(x1),1e-05,0.506955,results/raw/20260731T150232Z/pnp/pnp_bjt_typical_125.wrdata
20260731T150232Z,2026-07-31T15:02:32.736987+00:00,gf180mcuD,46,pnp_vbe.spice,bjt_typical,125,3.3,pnp_10p00x10p00,ratio4_par(x4),1e-05,0.459191,results/raw/20260731T150232Z/pnp/pnp_bjt_typical_125.wrdata
20260731T150232Z,2026-07-31T15:02:32.736987+00:00,gf180mcuD,46,pnp_vbe.spice,bjt_ss,-40,3.3,pnp_10p00x10p00,x1,1e-05,0.815588,results/raw/20260731T150232Z/pnp/pnp_bjt_ss_-40.wrdata
20260731T150232Z,2026-07-31T15:02:32.736987+00:00,gf180mcuD,46,pnp_vbe.spice,bjt_ss,-40,3.3,pnp_05p00x05p00,x1,1e-05,0.841211,results/raw/20260731T150232Z/pnp/pnp_bjt_ss_-40.wrdata
20260731T150232Z,2026-07-31T15:02:32.736987+00:00,gf180mcuD,46,pnp_vbe.spice,bjt_ss,-40,3.3,pnp_10p00x00p42,x1,1e-05,0.866630,results/raw/20260731T150232Z/pnp/pnp_bjt_ss_-40.wrdata
20260731T150232Z,2026-07-31T15:02:32.736987+00:00,gf180mcuD,46,pnp_vbe.spice,bjt_ss,-40,3.3,pnp_05p00x00p42,x1,1e-05,0.881081,results/raw/20260731T150232Z/pnp/pnp_bjt_ss_-40.wrdata
20260731T150232Z,2026-07-31T15:02:32.736987+00:00,gf180mcuD,46,pnp_vbe.spice,bjt_ss,-40,3.3,pnp_10p00x10p00,x1,1e-06,0.769117,results/raw/20260731T150232Z/pnp/pnp_bjt_ss_-40.wrdata
20260731T150232Z,2026-07-31T15:02:32.736987+00:00,gf180mcuD,46,pnp_vbe.spice,bjt_ss,-40,3.3,pnp_10p00x10p00,x1,0.0001,0.863648,results/raw/20260731T150232Z/pnp/pnp_bjt_ss_-40.wrdata
20260731T150232Z,2026-07-31T15:02:32.736987+00:00,gf180mcuD,46,pnp_vbe.spice,bjt_ss,-40,3.3,pnp_10p00x10p00,ratio8_unit(x1),1e-05,0.815588,results/raw/20260731T150232Z/pnp/pnp_bjt_ss_-40.wrdata
20260731T150232Z,2026-07-31T15:02:32.736987+00:00,gf180mcuD,46,pnp_vbe.spice,bjt_ss,-40,3.3,pnp_10p00x10p00,ratio8_par(x8),1e-05,0.773609,results/raw/20260731T150232Z/pnp/pnp_bjt_ss_-40.wrdata
20260731T150232Z,2026-07-31T15:02:32.736987+00:00,gf180mcuD,46,pnp_vbe.spice,bjt_ss,-40,3.3,pnp_10p00x10p00,ratio4_unit(x1),1e-05,0.815588,results/raw/20260731T150232Z/pnp/pnp_bjt_ss_-40.wrdata
20260731T150232Z,2026-07-31T15:02:32.736987+00:00,gf180mcuD,46,pnp_vbe.spice,bjt_ss,-40,3.3,pnp_10p00x10p00,ratio4_par(x4),1e-05,0.787570,results/raw/20260731T150232Z/pnp/pnp_bjt_ss_-40.wrdata
20260731T150232Z,2026-07-31T15:02:32.736987+00:00,gf180mcuD,46,pnp_vbe.spice,bjt_ss,27,3.3,pnp_10p00x10p00,x1,1e-05,0.698160,results/raw/20260731T150232Z/pnp/pnp_bjt_ss_27.wrdata
20260731T150232Z,2026-07-31T15:02:32.736987+00:00,gf180mcuD,46,pnp_vbe.spice,bjt_ss,27,3.3,pnp_05p00x05p00,x1,1e-05,0.731509,results/raw/20260731T150232Z/pnp/pnp_bjt_ss_27.wrdata
20260731T150232Z,2026-07-31T15:02:32.736987+00:00,gf180mcuD,46,pnp_vbe.spice,bjt_ss,27,3.3,pnp_10p00x00p42,x1,1e-05,0.766320,results/raw/20260731T150232Z/pnp/pnp_bjt_ss_27.wrdata
20260731T150232Z,2026-07-31T15:02:32.736987+00:00,gf180mcuD,46,pnp_vbe.spice,bjt_ss,27,3.3,pnp_05p00x00p42,x1,1e-05,0.785036,results/raw/20260731T150232Z/pnp/pnp_bjt_ss_27.wrdata
20260731T150232Z,2026-07-31T15:02:32.736987+00:00,gf180mcuD,46,pnp_vbe.spice,bjt_ss,27,3.3,pnp_10p00x10p00,x1,1e-06,0.638383,results/raw/20260731T150232Z/pnp/pnp_bjt_ss_27.wrdata
20260731T150232Z,2026-07-31T15:02:32.736987+00:00,gf180mcuD,46,pnp_vbe.spice,bjt_ss,27,3.3,pnp_10p00x10p00,x1,0.0001,0.759413,results/raw/20260731T150232Z/pnp/pnp_bjt_ss_27.wrdata
20260731T150232Z,2026-07-31T15:02:32.736987+00:00,gf180mcuD,46,pnp_vbe.spice,bjt_ss,27,3.3,pnp_10p00x10p00,ratio8_unit(x1),1e-05,0.698160,results/raw/20260731T150232Z/pnp/pnp_bjt_ss_27.wrdata
20260731T150232Z,2026-07-31T15:02:32.736987+00:00,gf180mcuD,46,pnp_vbe.spice,bjt_ss,27,3.3,pnp_10p00x10p00,ratio8_par(x8),1e-05,0.644165,results/raw/20260731T150232Z/pnp/pnp_bjt_ss_27.wrdata
20260731T150232Z,2026-07-31T15:02:32.736987+00:00,gf180mcuD,46,pnp_vbe.spice,bjt_ss,27,3.3,pnp_10p00x10p00,ratio4_unit(x1),1e-05,0.698160,results/raw/20260731T150232Z/pnp/pnp_bjt_ss_27.wrdata
20260731T150232Z,2026-07-31T15:02:32.736987+00:00,gf180mcuD,46,pnp_vbe.spice,bjt_ss,27,3.3,pnp_10p00x10p00,ratio4_par(x4),1e-05,0.662134,results/raw/20260731T150232Z/pnp/pnp_bjt_ss_27.wrdata
20260731T150232Z,2026-07-31T15:02:32.736987+00:00,gf180mcuD,46,pnp_vbe.spice,bjt_ss,125,3.3,pnp_10p00x10p00,x1,1e-05,0.519296,results/raw/20260731T150232Z/pnp/pnp_bjt_ss_125.wrdata
20260731T150232Z,2026-07-31T15:02:32.736987+00:00,gf180mcuD,46,pnp_vbe.spice,bjt_ss,125,3.3,pnp_05p00x05p00,x1,1e-05,0.563943,results/raw/20260731T150232Z/pnp/pnp_bjt_ss_125.wrdata
20260731T150232Z,2026-07-31T15:02:32.736987+00:00,gf180mcuD,46,pnp_vbe.spice,bjt_ss,125,3.3,pnp_10p00x00p42,x1,1e-05,0.611320,results/raw/20260731T150232Z/pnp/pnp_bjt_ss_125.wrdata
20260731T150232Z,2026-07-31T15:02:32.736987+00:00,gf180mcuD,46,pnp_vbe.spice,bjt_ss,125,3.3,pnp_05p00x00p42,x1,1e-05,0.636478,results/raw/20260731T150232Z/pnp/pnp_bjt_ss_125.wrdata
20260731T150232Z,2026-07-31T15:02:32.736987+00:00,gf180mcuD,46,pnp_vbe.spice,bjt_ss,125,3.3,pnp_10p00x10p00,x1,1e-06,0.440003,results/raw/20260731T150232Z/pnp/pnp_bjt_ss_125.wrdata
20260731T150232Z,2026-07-31T15:02:32.736987+00:00,gf180mcuD,46,pnp_vbe.spice,bjt_ss,125,3.3,pnp_10p00x10p00,x1,0.0001,0.600252,results/raw/20260731T150232Z/pnp/pnp_bjt_ss_125.wrdata
20260731T150232Z,2026-07-31T15:02:32.736987+00:00,gf180mcuD,46,pnp_vbe.spice,bjt_ss,125,3.3,pnp_10p00x10p00,ratio8_unit(x1),1e-05,0.519296,results/raw/20260731T150232Z/pnp/pnp_bjt_ss_125.wrdata
20260731T150232Z,2026-07-31T15:02:32.736987+00:00,gf180mcuD,46,pnp_vbe.spice,bjt_ss,125,3.3,pnp_10p00x10p00,ratio8_par(x8),1e-05,0.447675,results/raw/20260731T150232Z/pnp/pnp_bjt_ss_125.wrdata
20260731T150232Z,2026-07-31T15:02:32.736987+00:00,gf180mcuD,46,pnp_vbe.spice,bjt_ss,125,3.3,pnp_10p00x10p00,ratio4_unit(x1),1e-05,0.519296,results/raw/20260731T150232Z/pnp/pnp_bjt_ss_125.wrdata
20260731T150232Z,2026-07-31T15:02:32.736987+00:00,gf180mcuD,46,pnp_vbe.spice,bjt_ss,125,3.3,pnp_10p00x10p00,ratio4_par(x4),1e-05,0.471516,results/raw/20260731T150232Z/pnp/pnp_bjt_ss_125.wrdata
20260731T150232Z,2026-07-31T15:02:32.736987+00:00,gf180mcuD,46,pnp_vbe.spice,bjt_ff,-40,3.3,pnp_10p00x10p00,x1,1e-05,0.804607,results/raw/20260731T150232Z/pnp/pnp_bjt_ff_-40.wrdata
20260731T150232Z,2026-07-31T15:02:32.736987+00:00,gf180mcuD,46,pnp_vbe.spice,bjt_ff,-40,3.3,pnp_05p00x05p00,x1,1e-05,0.830299,results/raw/20260731T150232Z/pnp/pnp_bjt_ff_-40.wrdata
20260731T150232Z,2026-07-31T15:02:32.736987+00:00,gf180mcuD,46,pnp_vbe.spice,bjt_ff,-40,3.3,pnp_10p00x00p42,x1,1e-05,0.855995,results/raw/20260731T150232Z/pnp/pnp_bjt_ff_-40.wrdata
20260731T150232Z,2026-07-31T15:02:32.736987+00:00,gf180mcuD,46,pnp_vbe.spice,bjt_ff,-40,3.3,pnp_05p00x00p42,x1,1e-05,0.870485,results/raw/20260731T150232Z/pnp/pnp_bjt_ff_-40.wrdata
20260731T150232Z,2026-07-31T15:02:32.736987+00:00,gf180mcuD,46,pnp_vbe.spice,bjt_ff,-40,3.3,pnp_10p00x10p00,x1,1e-06,0.758206,results/raw/20260731T150232Z/pnp/pnp_bjt_ff_-40.wrdata
20260731T150232Z,2026-07-31T15:02:32.736987+00:00,gf180mcuD,46,pnp_vbe.spice,bjt_ff,-40,3.3,pnp_10p00x10p00,x1,0.0001,0.851960,results/raw/20260731T150232Z/pnp/pnp_bjt_ff_-40.wrdata
20260731T150232Z,2026-07-31T15:02:32.736987+00:00,gf180mcuD,46,pnp_vbe.spice,bjt_ff,-40,3.3,pnp_10p00x10p00,ratio8_unit(x1),1e-05,0.804607,results/raw/20260731T150232Z/pnp/pnp_bjt_ff_-40.wrdata
20260731T150232Z,2026-07-31T15:02:32.736987+00:00,gf180mcuD,46,pnp_vbe.spice,bjt_ff,-40,3.3,pnp_10p00x10p00,ratio8_par(x8),1e-05,0.762696,results/raw/20260731T150232Z/pnp/pnp_bjt_ff_-40.wrdata
20260731T150232Z,2026-07-31T15:02:32.736987+00:00,gf180mcuD,46,pnp_vbe.spice,bjt_ff,-40,3.3,pnp_10p00x10p00,ratio4_unit(x1),1e-05,0.804607,results/raw/20260731T150232Z/pnp/pnp_bjt_ff_-40.wrdata
20260731T150232Z,2026-07-31T15:02:32.736987+00:00,gf180mcuD,46,pnp_vbe.spice,bjt_ff,-40,3.3,pnp_10p00x10p00,ratio4_par(x4),1e-05,0.776648,results/raw/20260731T150232Z/pnp/pnp_bjt_ff_-40.wrdata
20260731T150232Z,2026-07-31T15:02:32.736987+00:00,gf180mcuD,46,pnp_vbe.spice,bjt_ff,27,3.3,pnp_10p00x10p00,x1,1e-05,0.683177,results/raw/20260731T150232Z/pnp/pnp_bjt_ff_27.wrdata
20260731T150232Z,2026-07-31T15:02:32.736987+00:00,gf180mcuD,46,pnp_vbe.spice,bjt_ff,27,3.3,pnp_05p00x05p00,x1,1e-05,0.716576,results/raw/20260731T150232Z/pnp/pnp_bjt_ff_27.wrdata
20260731T150232Z,2026-07-31T15:02:32.736987+00:00,gf180mcuD,46,pnp_vbe.spice,bjt_ff,27,3.3,pnp_10p00x00p42,x1,1e-05,0.751361,results/raw/20260731T150232Z/pnp/pnp_bjt_ff_27.wrdata
20260731T150232Z,2026-07-31T15:02:32.736987+00:00,gf180mcuD,46,pnp_vbe.spice,bjt_ff,27,3.3,pnp_05p00x00p42,x1,1e-05,0.770146,results/raw/20260731T150232Z/pnp/pnp_bjt_ff_27.wrdata
20260731T150232Z,2026-07-31T15:02:32.736987+00:00,gf180mcuD,46,pnp_vbe.spice,bjt_ff,27,3.3,pnp_10p00x10p00,x1,1e-06,0.623456,results/raw/20260731T150232Z/pnp/pnp_bjt_ff_27.wrdata
20260731T150232Z,2026-07-31T15:02:32.736987+00:00,gf180mcuD,46,pnp_vbe.spice,bjt_ff,27,3.3,pnp_10p00x10p00,x1,0.0001,0.743856,results/raw/20260731T150232Z/pnp/pnp_bjt_ff_27.wrdata
20260731T150232Z,2026-07-31T15:02:32.736987+00:00,gf180mcuD,46,pnp_vbe.spice,bjt_ff,27,3.3,pnp_10p00x10p00,ratio8_unit(x1),1e-05,0.683177,results/raw/20260731T150232Z/pnp/pnp_bjt_ff_27.wrdata
20260731T150232Z,2026-07-31T15:02:32.736987+00:00,gf180mcuD,46,pnp_vbe.spice,bjt_ff,27,3.3,pnp_10p00x10p00,ratio8_par(x8),1e-05,0.629236,results/raw/20260731T150232Z/pnp/pnp_bjt_ff_27.wrdata
20260731T150232Z,2026-07-31T15:02:32.736987+00:00,gf180mcuD,46,pnp_vbe.spice,bjt_ff,27,3.3,pnp_10p00x10p00,ratio4_unit(x1),1e-05,0.683177,results/raw/20260731T150232Z/pnp/pnp_bjt_ff_27.wrdata
20260731T150232Z,2026-07-31T15:02:32.736987+00:00,gf180mcuD,46,pnp_vbe.spice,bjt_ff,27,3.3,pnp_10p00x10p00,ratio4_par(x4),1e-05,0.647198,results/raw/20260731T150232Z/pnp/pnp_bjt_ff_27.wrdata
20260731T150232Z,2026-07-31T15:02:32.736987+00:00,gf180mcuD,46,pnp_vbe.spice,bjt_ff,125,3.3,pnp_10p00x10p00,x1,1e-05,0.498386,results/raw/20260731T150232Z/pnp/pnp_bjt_ff_125.wrdata
20260731T150232Z,2026-07-31T15:02:32.736987+00:00,gf180mcuD,46,pnp_vbe.spice,bjt_ff,125,3.3,pnp_05p00x05p00,x1,1e-05,0.543063,results/raw/20260731T150232Z/pnp/pnp_bjt_ff_125.wrdata
20260731T150232Z,2026-07-31T15:02:32.736987+00:00,gf180mcuD,46,pnp_vbe.spice,bjt_ff,125,3.3,pnp_10p00x00p42,x1,1e-05,0.590129,results/raw/20260731T150232Z/pnp/pnp_bjt_ff_125.wrdata
20260731T150232Z,2026-07-31T15:02:32.736987+00:00,gf180mcuD,46,pnp_vbe.spice,bjt_ff,125,3.3,pnp_05p00x00p42,x1,1e-05,0.615427,results/raw/20260731T150232Z/pnp/pnp_bjt_ff_125.wrdata
20260731T150232Z,2026-07-31T15:02:32.736987+00:00,gf180mcuD,46,pnp_vbe.spice,bjt_ff,125,3.3,pnp_10p00x10p00,x1,1e-06,0.419127,results/raw/20260731T150232Z/pnp/pnp_bjt_ff_125.wrdata
20260731T150232Z,2026-07-31T15:02:32.736987+00:00,gf180mcuD,46,pnp_vbe.spice,bjt_ff,125,3.3,pnp_10p00x10p00,x1,0.0001,0.578973,results/raw/20260731T150232Z/pnp/pnp_bjt_ff_125.wrdata
20260731T150232Z,2026-07-31T15:02:32.736987+00:00,gf180mcuD,46,pnp_vbe.spice,bjt_ff,125,3.3,pnp_10p00x10p00,ratio8_unit(x1),1e-05,0.498386,results/raw/20260731T150232Z/pnp/pnp_bjt_ff_125.wrdata
20260731T150232Z,2026-07-31T15:02:32.736987+00:00,gf180mcuD,46,pnp_vbe.spice,bjt_ff,125,3.3,pnp_10p00x10p00,ratio8_par(x8),1e-05,0.426798,results/raw/20260731T150232Z/pnp/pnp_bjt_ff_125.wrdata
20260731T150232Z,2026-07-31T15:02:32.736987+00:00,gf180mcuD,46,pnp_vbe.spice,bjt_ff,125,3.3,pnp_10p00x10p00,ratio4_unit(x1),1e-05,0.498386,results/raw/20260731T150232Z/pnp/pnp_bjt_ff_125.wrdata
20260731T150232Z,2026-07-31T15:02:32.736987+00:00,gf180mcuD,46,pnp_vbe.spice,bjt_ff,125,3.3,pnp_10p00x10p00,ratio4_par(x4),1e-05,0.450634,results/raw/20260731T150232Z/pnp/pnp_bjt_ff_125.wrdata
